OrderID,CustomerID,Restaurant,FoodItem,Quantity,Price,DeliveryTime,Rating,OrderDate
1,2158,Starbucks,Pasta,2,217.59,23,3,2025-07-06
2,1383,Burger King,Pizza,4,302.88,31,3,2025-05-31
3,1746,KFC,Burger,3,189.61,27,3,2025-07-13
4,5227,Pizza Hut,Sandwich,4,119.09,60,2,2025-07-20
5,3924,McDonald's,Coffee,2,106.88,49,2,2025-08-29
6,2923,McDonald's,Salad,1,195.46,64,2,2025-05-03
7,4519,Starbucks,Fries,1,85.61,73,3,2025-08-12
8,3803,Subway,Pizza,5,338.75,22,5,2025-06-01
9,1608,Domino's,Salad,5,196.57,21,5,2025-06-26
10,3898,Taco Bell,Sushi,2,260.65,74,4,2025-07-04
11,4435,Subway,Fries,4,119.15,18,5,2025-05-26
12,2264,Subway,Chicken Wings,2,172.05,34,5,2025-07-10
13,1393,Subway,Pizza,1,157.16,35,1,2025-05-31
14,3738,Subway,Salad,1,141.97,52,4,2025-07-04
15,3809,Chipotle,Pasta,2,257.42,45,1,2025-07-12
16,4402,Dunkin Donuts,Coffee,4,119.1,63,4,2025-07-11
17,1754,Taco Bell,Pizza,3,362.58,42,3,2025-06-21
18,1659,Starbucks,Pizza,5,303.85,27,1,2025-07-12
19,2990,Chipotle,Coffee,3,94.86,55,5,2025-08-11
20,2270,Domino's,Coffee,4,103.64,30,5,2025-07-24
21,3204,Starbucks,Fries,4,57.49,33,2,2025-05-05
22,4671,McDonald's,Burger,3,159.06,40,1,2025-06-07
23,5214,Starbucks,Chicken Wings,5,118.57,34,4,2025-07-02
24,1883,McDonald's,Fries,1,57.42,50,4,2025-06-24
25,1464,Starbucks,Burger,3,116.29,62,3,2025-07-22
26,1138,Domino's,Wrap,1,148.22,16,3,2025-05-22
27,3076,McDonald's,Coffee,2,103.48,36,3,2025-05-29
28,2226,Pizza Hut,Salad,2,159.45,23,5,2025-07-10
29,3417,KFC,Chicken Wings,1,151.16,56,3,2025-08-09
30,2742,Dunkin Donuts,Pasta,3,120.21,35,2,2025-05-13
31,5541,Domino's,Coffee,3,104.58,36,5,2025-05-16
32,5633,Dunkin Donuts,Burger,1,149.15,46,2,2025-05-23
33,4382,Taco Bell,Chicken Wings,5,172.2,25,3,2025-06-25
34,3783,Chipotle,Sushi,3,376.73,31,4,2025-07-23
35,5244,Starbucks,Salad,3,190.82,48,1,2025-07-17
36,3621,Pizza Hut,Fries,4,101.89,75,1,2025-08-27
37,3792,Subway,Coffee,3,89.87,59,3,2025-06-17
38,3281,Chipotle,Sandwich,2,77.67,26,3,2025-06-08
39,4488,Subway,Sandwich,2,117.41,74,3,2025-06-18
40,1224,KFC,Sandwich,2,114.81,70,3,2025-06-26
41,3518,Taco Bell,Fries,4,60.89,59,4,2025-06-12
42,5582,Burger King,Pasta,2,296.65,35,3,2025-06-13
43,1606,Taco Bell,Wrap,4,101.93,24,2,2025-08-25
44,2391,Chipotle,Pasta,4,257.46,31,2,2025-06-06
45,1283,McDonald's,Salad,4,161.59,33,3,2025-08-07
46,3178,Taco Bell,Salad,3,121.25,25,1,2025-06-23
47,4307,Chipotle,Burger,2,134.11,70,2,2025-07-20
48,4376,Burger King,Chicken Wings,1,123.01,69,1,2025-08-10
49,5101,Subway,Chicken Wings,5,193.39,54,5,2025-07-15
50,5654,Subway,Sandwich,3,121.13,33,5,2025-07-25
51,2268,Chipotle,Wrap,1,178.25,42,1,2025-07-06
52,5168,Starbucks,Pasta,3,144.23,39,4,2025-05-29
53,3247,Domino's,Burger,3,97.0,56,4,2025-06-16
54,4643,Taco Bell,Fries,1,104.99,21,4,2025-08-25
55,2649,Dunkin Donuts,Wrap,4,117.34,73,3,2025-06-29
56,1554,Starbucks,Fries,2,104.02,18,1,2025-06-09
57,4737,Subway,Burger,5,109.16,63,4,2025-08-22
58,1731,McDonald's,Chicken Wings,3,131.77,67,5,2025-06-27
59,4681,Pizza Hut,Coffee,1,76.43,69,5,2025-07-13
60,5683,KFC,Coffee,1,90.38,58,4,2025-05-25
61,5402,Taco Bell,Salad,3,151.23,20,5,2025-05-28
62,1400,KFC,Chicken Wings,2,185.55,74,5,2025-06-30
63,4880,Taco Bell,Burger,4,150.89,55,5,2025-05-13
64,1727,Taco Bell,Chicken Wings,5,148.38,71,2,2025-07-29
65,5281,Chipotle,Wrap,2,133.15,29,4,2025-07-02
66,2155,McDonald's,Salad,4,181.4,50,2,2025-07-26
67,3987,Subway,Pasta,5,214.64,21,3,2025-06-25
68,4749,Starbucks,Burger,2,171.08,56,2,2025-08-24
69,3161,McDonald's,Burger,5,167.31,27,3,2025-05-24
70,5382,Subway,Burger,2,190.9,33,5,2025-07-02
71,2083,Burger King,Salad,4,194.57,65,2,2025-08-18
72,4778,Burger King,Pasta,5,148.58,31,2,2025-07-30
73,4563,Pizza Hut,Chicken Wings,5,196.99,44,5,2025-07-15
74,1201,McDonald's,Pizza,4,346.87,21,2,2025-07-22
75,3190,Dunkin Donuts,Burger,1,89.54,17,4,2025-05-20
76,4254,Chipotle,Burger,4,189.46,34,3,2025-06-16
77,2104,Dunkin Donuts,Coffee,4,105.22,51,5,2025-06-28
78,3920,Burger King,Sandwich,3,143.92,41,3,2025-07-27
79,4099,Starbucks,Pizza,1,368.62,68,2,2025-07-25
80,3755,Pizza Hut,Coffee,5,87.54,22,1,2025-07-08
81,1987,KFC,Chicken Wings,3,131.32,59,5,2025-06-29
82,4928,Subway,Coffee,2,93.27,44,4,2025-06-16
83,4200,Dunkin Donuts,Sushi,1,480.07,49,1,2025-06-14
84,4628,Dunkin Donuts,Burger,5,173.91,48,1,2025-07-26
85,1818,Taco Bell,Chicken Wings,2,240.77,45,5,2025-08-17
86,2043,Chipotle,Salad,1,108.63,67,5,2025-07-02
87,1063,KFC,Sushi,5,447.77,66,4,2025-07-27
88,3926,Pizza Hut,Pasta,2,173.83,22,5,2025-07-11
89,2940,Starbucks,Chicken Wings,4,108.52,19,1,2025-06-03
90,5525,Domino's,Salad,2,138.95,64,3,2025-06-15
91,4969,KFC,Sushi,2,329.7,51,4,2025-05-31
92,5036,Chipotle,Sandwich,3,137.78,54,5,2025-05-18
93,3719,Pizza Hut,Salad,2,162.79,29,1,2025-07-23
94,5747,Starbucks,Burger,2,185.3,15,3,2025-07-12
95,2058,Chipotle,Salad,4,171.3,24,4,2025-06-12
96,5102,Chipotle,Sandwich,2,100.86,43,4,2025-06-23
97,2995,Taco Bell,Wrap,4,148.82,66,5,2025-07-29
98,2902,Pizza Hut,Burger,2,179.05,15,2,2025-07-20
99,4495,Pizza Hut,Sushi,4,514.39,25,4,2025-06-23
100,3859,Chipotle,Burger,2,179.96,24,3,2025-06-21
101,1077,McDonald's,Pasta,4,176.7,49,5,2025-06-13
102,1120,Burger King,Pasta,4,127.64,53,3,2025-07-26
103,1710,Domino's,Fries,2,87.08,27,5,2025-08-15
104,5734,Domino's,Burger,2,108.0,38,3,2025-05-03
105,1643,Taco Bell,Burger,5,162.3,36,4,2025-05-09
106,4318,Subway,Sushi,4,541.61,49,1,2025-06-19
107,3351,Subway,Sushi,1,375.63,26,4,2025-08-09
108,3431,Taco Bell,Chicken Wings,2,246.94,38,2,2025-05-15
109,5284,Chipotle,Fries,5,115.43,33,2,2025-06-07
110,1794,Dunkin Donuts,Chicken Wings,5,155.01,55,1,2025-05-15
111,1594,Starbucks,Sushi,1,507.99,60,3,2025-08-12
112,3773,Subway,Coffee,3,83.4,28,5,2025-07-15
113,3970,Pizza Hut,Sandwich,3,137.92,57,4,2025-08-26
114,2930,McDonald's,Fries,2,57.65,66,3,2025-06-10
115,1346,Taco Bell,Sandwich,5,132.04,61,3,2025-06-18
116,3860,Subway,Coffee,2,95.76,46,3,2025-08-08
117,4828,Chipotle,Wrap,3,163.11,63,2,2025-05-14
118,3459,Dunkin Donuts,Fries,1,87.99,74,5,2025-05-27
119,4774,Taco Bell,Salad,4,108.59,49,4,2025-08-04
120,4915,Dunkin Donuts,Salad,3,145.47,25,4,2025-07-08
121,2341,Dunkin Donuts,Sandwich,4,141.88,62,3,2025-06-03
122,4452,Domino's,Coffee,2,119.66,29,2,2025-05-14
123,1391,Pizza Hut,Fries,1,108.82,67,2,2025-07-23
124,5621,Pizza Hut,Sandwich,2,94.6,66,2,2025-08-10
125,1577,Dunkin Donuts,Sandwich,3,91.23,59,1,2025-05-12
126,1354,Subway,Pasta,1,146.06,27,5,2025-07-20
127,3253,Subway,Wrap,4,124.03,20,5,2025-05-26
128,3832,Burger King,Burger,5,161.45,57,4,2025-05-13
129,3174,KFC,Chicken Wings,2,206.07,17,4,2025-07-10
130,2662,Taco Bell,Salad,1,177.14,71,2,2025-06-10
131,5701,Burger King,Salad,4,117.81,31,3,2025-07-23
132,3863,Burger King,Chicken Wings,2,131.74,56,2,2025-06-30
133,5613,Dunkin Donuts,Coffee,5,79.91,59,5,2025-06-13
134,1105,Domino's,Wrap,3,151.16,57,2,2025-08-11
135,1492,McDonald's,Pasta,5,270.33,24,4,2025-08-24
136,2848,Subway,Coffee,2,69.05,31,5,2025-07-16
137,2881,Dunkin Donuts,Wrap,1,132.37,29,4,2025-05-08
138,1088,Starbucks,Sandwich,1,145.6,41,1,2025-07-29
139,2635,Dunkin Donuts,Sandwich,2,104.98,51,2,2025-08-18
140,3642,Dunkin Donuts,Burger,4,129.41,23,2,2025-06-28
141,4302,Taco Bell,Fries,1,119.7,63,4,2025-07-14
142,5259,Burger King,Salad,5,143.61,21,3,2025-06-02
143,5994,Taco Bell,Sushi,5,304.02,52,5,2025-08-14
144,4115,Dunkin Donuts,Pizza,5,291.47,34,4,2025-06-18
145,2446,Taco Bell,Coffee,1,80.66,29,1,2025-05-21
146,3207,McDonald's,Coffee,2,88.12,17,4,2025-06-10
147,2780,KFC,Sandwich,5,61.85,55,1,2025-08-09
148,2407,McDonald's,Sandwich,1,140.72,45,1,2025-05-25
149,5979,Chipotle,Chicken Wings,5,124.75,75,2,2025-08-04
150,5701,Dunkin Donuts,Coffee,4,66.9,63,5,2025-08-10
151,3774,Burger King,Coffee,2,103.76,45,1,2025-08-05
152,5841,Starbucks,Coffee,2,52.6,36,3,2025-08-22
153,4736,Burger King,Sandwich,3,136.85,51,1,2025-06-08
154,1518,Dunkin Donuts,Pizza,5,199.83,59,3,2025-05-21
155,3799,Dunkin Donuts,Chicken Wings,4,186.85,23,1,2025-06-22
156,5332,Burger King,Salad,5,106.63,35,3,2025-05-21
157,1943,McDonald's,Sushi,4,400.6,51,3,2025-05-27
158,1046,Subway,Coffee,4,64.5,19,5,2025-05-11
159,2276,Domino's,Pizza,2,152.86,24,2,2025-05-10
160,1492,Starbucks,Sandwich,5,98.3,29,1,2025-07-23
161,5276,Dunkin Donuts,Wrap,5,156.92,31,1,2025-06-07
162,2263,Dunkin Donuts,Pasta,1,244.15,62,4,2025-08-20
163,3235,McDonald's,Wrap,4,178.36,75,2,2025-06-04
164,5757,KFC,Coffee,2,53.47,16,1,2025-05-12
165,3646,Domino's,Chicken Wings,5,128.45,25,4,2025-05-12
166,4032,Domino's,Pasta,4,261.96,62,1,2025-07-02
167,1573,Taco Bell,Pizza,4,206.43,66,4,2025-06-10
168,1447,KFC,Fries,4,84.36,48,5,2025-06-26
169,3599,Burger King,Wrap,3,100.03,58,3,2025-06-02
170,3335,Chipotle,Sushi,2,538.44,60,5,2025-08-19
171,4042,Domino's,Burger,4,127.45,32,2,2025-05-24
172,2469,Chipotle,Sushi,2,325.42,67,4,2025-05-12
173,2170,Dunkin Donuts,Sushi,5,380.83,74,2,2025-07-06
174,4157,McDonald's,Sandwich,1,143.78,35,5,2025-05-07
175,3919,Taco Bell,Fries,3,74.91,39,1,2025-08-06
176,1243,Dunkin Donuts,Fries,1,88.82,56,2,2025-05-11
177,3335,Subway,Salad,4,96.51,19,2,2025-06-24
178,3589,Starbucks,Fries,5,68.66,21,1,2025-06-12
179,2644,Dunkin Donuts,Sandwich,2,116.92,18,2,2025-05-06
180,5135,Burger King,Coffee,1,74.0,60,4,2025-07-05
181,4267,Burger King,Pasta,4,179.95,60,4,2025-06-23
182,5213,McDonald's,Pasta,5,277.62,61,1,2025-05-13
183,2525,McDonald's,Wrap,1,149.4,62,4,2025-05-20
184,2288,KFC,Wrap,1,150.11,18,4,2025-05-02
185,3859,Domino's,Pasta,5,240.25,61,4,2025-08-21
186,2898,Subway,Burger,2,131.33,66,3,2025-08-21
187,1015,Burger King,Chicken Wings,2,194.14,40,1,2025-07-13
188,3443,Starbucks,Wrap,2,178.19,43,1,2025-05-04
189,1545,Chipotle,Sandwich,4,149.34,45,1,2025-05-10
190,4545,Domino's,Pasta,2,283.89,53,1,2025-05-09
191,5688,KFC,Wrap,5,177.09,60,2,2025-07-26
192,5473,Taco Bell,Burger,2,188.43,58,4,2025-08-28
193,1621,Taco Bell,Salad,5,116.3,22,2,2025-07-17
194,5819,KFC,Chicken Wings,5,211.13,42,1,2025-05-29
195,5562,Chipotle,Burger,2,193.54,23,3,2025-07-10
196,2376,Starbucks,Salad,3,161.05,67,2,2025-05-27
197,2172,Burger King,Chicken Wings,4,172.55,37,3,2025-06-03
198,4367,Chipotle,Pasta,5,120.11,50,5,2025-06-15
199,5897,Burger King,Burger,2,192.48,74,5,2025-05-08
200,1196,Domino's,Pasta,1,181.64,27,1,2025-05-02
201,4031,Burger King,Fries,4,97.43,70,1,2025-07-02
202,1452,Taco Bell,Wrap,2,117.83,52,1,2025-05-24
203,3021,Taco Bell,Pizza,2,341.06,51,3,2025-06-10
204,1237,McDonald's,Chicken Wings,4,220.03,57,2,2025-05-17
205,4474,Dunkin Donuts,Pasta,4,213.8,41,2,2025-06-22
206,2305,Burger King,Salad,4,132.94,37,5,2025-05-14
207,4008,Burger King,Sandwich,5,80.56,65,2,2025-06-25
208,4765,McDonald's,Burger,3,130.94,51,5,2025-05-25
209,2541,Taco Bell,Pizza,3,351.13,66,3,2025-08-10
210,4556,Domino's,Sushi,2,321.68,27,2,2025-06-16
211,1930,McDonald's,Burger,4,193.01,15,3,2025-05-09
212,4504,KFC,Chicken Wings,4,209.69,15,4,2025-07-23
213,2920,McDonald's,Wrap,1,115.01,52,5,2025-08-27
214,5617,Starbucks,Fries,5,94.31,61,4,2025-08-02
215,4029,KFC,Wrap,2,150.96,18,2,2025-05-06
216,4591,Pizza Hut,Sushi,2,473.43,16,4,2025-06-02
217,4411,Subway,Salad,3,162.42,29,4,2025-05-12
218,3913,Starbucks,Pasta,4,164.32,54,3,2025-07-29
219,2893,Domino's,Salad,1,167.28,56,3,2025-05-11
220,2164,Pizza Hut,Coffee,3,94.29,21,2,2025-06-15
221,3223,KFC,Sandwich,2,143.42,53,1,2025-08-29
222,2635,Dunkin Donuts,Pasta,4,255.72,17,1,2025-06-05
223,3390,Pizza Hut,Fries,2,59.54,47,2,2025-06-28
224,4982,Burger King,Fries,2,106.91,63,5,2025-08-14
225,5812,Starbucks,Burger,3,86.88,50,1,2025-06-29
226,2171,Domino's,Burger,2,156.2,40,5,2025-08-19
227,2787,KFC,Pasta,1,145.51,70,5,2025-05-15
228,3732,Subway,Sushi,2,258.1,67,1,2025-08-29
229,4387,Chipotle,Pizza,2,194.24,35,2,2025-07-01
230,2270,Taco Bell,Fries,3,66.81,27,2,2025-07-18
231,1441,Domino's,Chicken Wings,1,108.06,70,1,2025-07-16
232,1314,KFC,Sandwich,4,120.64,29,5,2025-08-08
233,2141,Subway,Sandwich,5,79.91,19,3,2025-07-31
234,5065,KFC,Coffee,4,110.86,69,2,2025-07-09
235,4461,KFC,Pizza,1,299.37,41,5,2025-08-27
236,5096,Chipotle,Pasta,1,233.93,39,4,2025-07-29
237,2589,Domino's,Coffee,4,65.15,22,4,2025-05-30
238,1223,Subway,Fries,2,61.48,56,3,2025-06-08
239,3711,KFC,Salad,5,96.03,20,2,2025-08-19
240,4980,Domino's,Burger,1,152.93,64,1,2025-07-09
241,1256,Chipotle,Pizza,4,398.18,40,1,2025-07-17
242,2381,Burger King,Sushi,2,485.0,44,3,2025-05-19
243,5667,Dunkin Donuts,Burger,4,186.25,30,5,2025-05-22
244,2090,Dunkin Donuts,Chicken Wings,4,228.59,59,2,2025-07-12
245,4125,McDonald's,Coffee,2,66.92,57,1,2025-07-20
246,4068,Burger King,Salad,2,173.47,16,4,2025-07-06
247,4171,KFC,Salad,4,150.03,33,4,2025-07-26
248,5750,KFC,Coffee,2,77.44,55,2,2025-06-07
249,1836,Starbucks,Chicken Wings,2,100.2,59,5,2025-05-23
250,5506,Pizza Hut,Coffee,3,82.77,25,2,2025-08-20
251,4647,Starbucks,Fries,1,112.64,24,2,2025-08-28
252,3071,Burger King,Wrap,4,129.51,27,1,2025-05-14
253,4707,Chipotle,Burger,5,175.5,64,3,2025-05-22
254,3601,Burger King,Wrap,5,107.4,39,2,2025-06-14
255,5500,Domino's,Fries,5,52.46,34,2,2025-05-17
256,5025,Dunkin Donuts,Pizza,1,390.54,67,1,2025-06-10
257,1711,Pizza Hut,Sandwich,5,86.45,22,2,2025-07-19
258,2569,McDonald's,Burger,4,149.89,43,4,2025-05-03
259,3753,Pizza Hut,Salad,4,191.15,42,2,2025-06-06
260,3742,Burger King,Pizza,5,213.35,35,1,2025-06-23
261,3735,Taco Bell,Burger,2,106.75,45,5,2025-06-14
262,4887,Chipotle,Sandwich,1,90.31,65,1,2025-08-08
263,1587,Dunkin Donuts,Pizza,1,231.51,45,5,2025-05-06
264,4719,Chipotle,Sushi,2,486.46,15,3,2025-07-11
265,1903,McDonald's,Chicken Wings,5,235.71,37,3,2025-07-22
266,1623,Starbucks,Wrap,4,113.86,42,5,2025-06-29
267,5083,Burger King,Sandwich,3,124.86,42,2,2025-05-16
268,4588,Chipotle,Sushi,5,329.51,39,1,2025-05-26
269,2696,Subway,Wrap,2,161.55,72,3,2025-05-16
270,2744,Burger King,Coffee,1,95.48,74,5,2025-06-08
271,5665,Dunkin Donuts,Sandwich,2,87.63,21,3,2025-05-31
272,1274,KFC,Salad,2,116.7,63,2,2025-06-15
273,1462,Burger King,Pasta,5,136.16,74,2,2025-05-18
274,4187,Chipotle,Salad,1,150.74,28,4,2025-06-24
275,3704,McDonald's,Sandwich,2,90.21,64,1,2025-07-29
276,5975,Taco Bell,Pasta,5,248.34,69,1,2025-05-11
277,1440,Subway,Sandwich,1,110.61,39,1,2025-08-21
278,3128,McDonald's,Chicken Wings,2,224.46,54,3,2025-05-17
279,2218,Dunkin Donuts,Fries,3,118.94,16,5,2025-05-16
280,2840,Starbucks,Sandwich,3,93.19,42,1,2025-08-25
281,1691,Domino's,Coffee,5,61.6,45,4,2025-05-16
282,2026,KFC,Chicken Wings,4,229.04,73,1,2025-05-08
283,3525,McDonald's,Sandwich,1,143.49,24,2,2025-05-30
284,1092,Starbucks,Sandwich,3,116.96,51,2,2025-06-26
285,5716,Subway,Burger,2,104.64,60,5,2025-06-26
286,3671,Starbucks,Pasta,4,219.88,24,5,2025-06-08
287,2940,McDonald's,Sushi,5,546.07,26,5,2025-07-27
288,4401,Dunkin Donuts,Salad,4,154.76,65,3,2025-07-11
289,3381,Taco Bell,Chicken Wings,5,240.2,60,1,2025-07-11
290,3426,Taco Bell,Pasta,2,166.98,45,2,2025-07-12
291,1805,Domino's,Wrap,5,147.56,57,3,2025-06-30
292,4056,Domino's,Chicken Wings,5,184.68,18,5,2025-05-19
293,3163,Pizza Hut,Burger,5,158.45,28,1,2025-07-30
294,1865,Domino's,Fries,2,77.61,46,3,2025-08-02
295,5410,Dunkin Donuts,Sandwich,3,143.78,49,4,2025-07-01
296,5615,Starbucks,Fries,1,97.75,48,2,2025-06-12
297,4980,KFC,Sushi,5,362.53,55,3,2025-06-09
298,1214,Burger King,Salad,3,189.67,71,5,2025-07-21
299,3566,Subway,Burger,1,165.57,51,5,2025-07-18
300,5790,Subway,Salad,3,141.25,72,3,2025-06-15
301,2651,McDonald's,Fries,1,71.99,58,3,2025-05-09
302,1768,Taco Bell,Fries,3,72.01,47,4,2025-05-12
303,3252,Starbucks,Fries,1,51.1,25,1,2025-07-09
304,1625,Dunkin Donuts,Chicken Wings,1,233.48,17,3,2025-05-24
305,5156,Dunkin Donuts,Burger,2,168.79,47,3,2025-08-21
306,3524,Chipotle,Coffee,2,115.7,38,3,2025-06-20
307,4604,Dunkin Donuts,Burger,2,149.12,57,4,2025-08-03
308,1156,Starbucks,Burger,3,106.49,68,3,2025-08-16
309,4798,Pizza Hut,Burger,5,192.68,50,4,2025-06-26
310,3703,McDonald's,Pizza,1,267.32,54,2,2025-06-16
311,1291,Starbucks,Salad,3,172.5,16,3,2025-06-18
312,5669,KFC,Fries,4,51.82,62,5,2025-06-24
313,5299,Domino's,Fries,4,83.47,72,4,2025-05-10
314,1880,KFC,Sushi,2,511.06,44,4,2025-08-24
315,5605,Taco Bell,Sandwich,3,139.05,68,3,2025-05-31
316,4913,Burger King,Fries,3,86.49,75,3,2025-08-28
317,5392,KFC,Coffee,1,54.94,48,4,2025-06-20
318,1457,McDonald's,Coffee,2,57.6,17,1,2025-06-22
319,4255,Dunkin Donuts,Coffee,2,118.85,46,3,2025-07-22
320,2495,Subway,Chicken Wings,2,235.72,35,5,2025-08-07
321,4438,Burger King,Sandwich,2,82.58,30,5,2025-08-15
322,1897,Chipotle,Pizza,2,191.35,18,5,2025-05-28
323,4811,Dunkin Donuts,Pizza,2,382.54,63,2,2025-08-12
324,2277,Dunkin Donuts,Coffee,4,109.57,66,4,2025-05-12
325,4634,Taco Bell,Wrap,4,165.88,58,5,2025-05-11
326,4575,Dunkin Donuts,Fries,2,83.38,21,4,2025-07-11
327,3794,Chipotle,Sandwich,1,133.5,27,5,2025-07-27
328,3495,Burger King,Burger,5,170.99,49,3,2025-06-01
329,5791,McDonald's,Sushi,5,549.24,36,4,2025-07-20
330,2520,Starbucks,Salad,2,152.68,69,2,2025-05-23
331,4038,Burger King,Pasta,5,183.79,53,5,2025-06-02
332,5852,Subway,Fries,4,101.41,73,2,2025-08-26
333,5554,Pizza Hut,Salad,3,116.36,72,4,2025-05-29
334,2017,Pizza Hut,Sandwich,4,135.6,24,4,2025-06-05
335,1405,Chipotle,Chicken Wings,3,151.91,68,2,2025-07-19
336,1485,Subway,Sushi,2,256.49,61,3,2025-08-11
337,2734,Domino's,Pasta,5,294.46,37,5,2025-08-11
338,1881,Burger King,Salad,5,180.36,56,2,2025-07-13
339,3628,Pizza Hut,Coffee,1,68.5,21,4,2025-08-04
340,4765,Subway,Burger,1,85.56,47,2,2025-07-24
341,3428,Dunkin Donuts,Pizza,3,323.14,33,1,2025-07-02
342,1250,Pizza Hut,Sandwich,2,116.97,16,3,2025-06-17
343,3063,Starbucks,Pasta,2,120.68,45,4,2025-07-09
344,1096,Taco Bell,Pizza,3,244.74,75,5,2025-06-13
345,4809,Starbucks,Wrap,3,173.03,55,1,2025-06-20
346,3110,McDonald's,Chicken Wings,2,151.17,21,4,2025-08-24
347,1663,Chipotle,Wrap,2,169.06,69,2,2025-06-22
348,4317,Taco Bell,Fries,3,108.2,19,3,2025-06-07
349,2237,McDonald's,Chicken Wings,3,149.36,57,2,2025-07-11
350,4115,Pizza Hut,Fries,5,111.02,47,1,2025-08-16
351,3800,Pizza Hut,Chicken Wings,4,101.39,56,1,2025-07-23
352,3356,Chipotle,Pizza,5,173.72,73,4,2025-06-12
353,5293,McDonald's,Pizza,5,157.46,27,3,2025-08-18
354,4839,Subway,Sandwich,2,86.49,33,3,2025-07-25
355,4716,Starbucks,Chicken Wings,5,101.58,70,3,2025-06-02
356,1188,Pizza Hut,Pizza,5,269.37,29,2,2025-07-29
357,5881,Dunkin Donuts,Pasta,5,263.71,62,3,2025-07-17
358,2966,Pizza Hut,Fries,4,57.38,57,4,2025-06-26
359,5110,KFC,Fries,2,111.4,44,1,2025-07-13
360,5200,Chipotle,Fries,2,70.74,49,4,2025-08-06
361,5296,McDonald's,Coffee,2,96.58,69,4,2025-05-22
362,2051,McDonald's,Burger,5,117.74,51,1,2025-05-17
363,4584,Taco Bell,Fries,3,71.84,38,5,2025-07-25
364,5082,Taco Bell,Fries,4,112.99,68,4,2025-07-06
365,4711,Domino's,Pizza,2,222.92,16,5,2025-05-20
366,2565,Pizza Hut,Sushi,2,497.23,45,5,2025-06-23
367,5503,Pizza Hut,Pizza,4,242.98,19,4,2025-06-19
368,1616,Taco Bell,Wrap,1,142.55,68,4,2025-05-23
369,5108,Pizza Hut,Chicken Wings,3,126.48,31,2,2025-06-02
370,4960,Starbucks,Fries,5,109.56,36,1,2025-06-22
371,2334,Pizza Hut,Salad,5,197.35,43,4,2025-08-11
372,5469,KFC,Sandwich,5,121.79,18,3,2025-07-28
373,3676,Pizza Hut,Burger,2,93.61,34,1,2025-05-31
374,3526,Subway,Fries,4,72.27,66,4,2025-06-05
375,2365,Burger King,Pasta,2,181.25,28,2,2025-06-26
376,4802,Pizza Hut,Salad,5,143.54,42,1,2025-07-23
377,3300,Subway,Burger,5,139.51,40,2,2025-06-17
378,1625,McDonald's,Fries,1,106.69,25,5,2025-07-17
379,1296,Dunkin Donuts,Fries,1,55.74,23,2,2025-07-31
380,1743,Taco Bell,Wrap,4,178.19,66,1,2025-06-29
381,3000,KFC,Sushi,1,351.65,59,2,2025-07-29
382,5809,McDonald's,Fries,5,118.85,75,4,2025-06-02
383,4745,Domino's,Chicken Wings,4,183.34,54,3,2025-08-27
384,1180,McDonald's,Salad,3,193.39,55,2,2025-05-07
385,4935,Burger King,Pasta,3,159.07,19,3,2025-08-26
386,3967,Starbucks,Burger,1,102.96,66,2,2025-06-11
387,2510,McDonald's,Pasta,5,253.19,41,4,2025-08-05
388,2030,KFC,Salad,4,175.27,67,5,2025-05-29
389,3789,Starbucks,Sushi,4,458.41,73,2,2025-07-07
390,5015,KFC,Chicken Wings,1,148.23,73,4,2025-07-27
391,5911,Chipotle,Salad,4,184.23,31,1,2025-07-05
392,4173,Starbucks,Pizza,3,194.37,29,1,2025-06-08
393,3685,KFC,Pizza,5,182.24,46,4,2025-08-14
394,2336,Burger King,Wrap,4,159.13,48,2,2025-08-27
395,2443,KFC,Pizza,5,364.73,45,4,2025-08-28
396,4657,Dunkin Donuts,Coffee,2,87.15,31,2,2025-05-04
397,5271,Chipotle,Sushi,1,449.08,66,4,2025-08-17
398,2466,Pizza Hut,Pizza,5,282.56,18,1,2025-05-24
399,1161,Pizza Hut,Sandwich,2,128.82,63,4,2025-05-03
400,2914,McDonald's,Pasta,5,220.27,43,3,2025-07-15
401,4855,Chipotle,Pizza,4,292.16,38,2,2025-05-12
402,4701,Chipotle,Coffee,4,54.53,18,2,2025-07-16
403,1420,Starbucks,Coffee,1,55.26,47,3,2025-05-09
404,4133,Domino's,Sushi,1,335.37,23,3,2025-05-25
405,4338,Starbucks,Chicken Wings,3,121.57,74,2,2025-08-02
406,2140,Dunkin Donuts,Wrap,4,152.01,19,5,2025-05-02
407,3527,Dunkin Donuts,Chicken Wings,2,197.92,69,5,2025-08-10
408,4610,Dunkin Donuts,Chicken Wings,5,204.08,48,3,2025-05-12
409,2912,Starbucks,Chicken Wings,3,124.98,23,1,2025-05-20
410,5589,Chipotle,Sushi,1,525.15,44,4,2025-06-12
411,3941,KFC,Pasta,2,226.92,33,2,2025-06-02
412,3590,Taco Bell,Pizza,2,282.94,50,1,2025-07-21
413,1955,Subway,Pasta,5,125.56,60,4,2025-05-09
414,3730,KFC,Pasta,5,152.99,53,5,2025-05-14
415,2093,McDonald's,Salad,2,93.35,15,1,2025-06-27
416,2122,Burger King,Coffee,4,84.12,22,1,2025-05-23
417,1279,Taco Bell,Pizza,1,229.77,70,4,2025-07-10
418,5725,Subway,Chicken Wings,3,195.77,38,4,2025-05-11
419,3935,Burger King,Salad,1,141.27,53,2,2025-06-29
420,1320,Burger King,Sandwich,4,111.27,48,3,2025-07-19
421,1915,Dunkin Donuts,Fries,4,90.45,28,1,2025-05-16
422,5762,Subway,Pizza,2,283.56,31,3,2025-06-03
423,4504,Burger King,Sushi,2,403.39,32,4,2025-05-31
424,3215,Starbucks,Salad,3,125.07,30,5,2025-06-24
425,1176,Domino's,Fries,2,58.31,68,2,2025-07-15
426,4225,Dunkin Donuts,Pizza,1,301.92,22,4,2025-05-15
427,5240,Burger King,Burger,2,99.45,45,5,2025-06-07
428,1684,Chipotle,Sushi,1,287.99,22,3,2025-08-02
429,5878,Subway,Pasta,3,160.82,57,1,2025-07-29
430,2626,Taco Bell,Pizza,1,168.91,15,1,2025-05-17
431,3251,Starbucks,Pasta,1,259.34,31,3,2025-05-08
432,3851,Taco Bell,Pizza,2,201.08,58,5,2025-08-03
433,5069,Subway,Wrap,1,106.15,70,1,2025-07-20
434,2691,Subway,Fries,5,67.52,41,5,2025-05-03
435,1039,Starbucks,Pizza,3,358.57,40,3,2025-08-19
436,3511,Subway,Pasta,3,252.51,28,3,2025-08-03
437,5912,Pizza Hut,Pasta,5,140.17,40,3,2025-06-26
438,5317,Burger King,Fries,5,82.03,23,1,2025-08-20
439,5946,Dunkin Donuts,Salad,4,134.61,42,3,2025-06-06
440,4373,Dunkin Donuts,Sushi,2,486.15,32,4,2025-08-12
441,4287,Domino's,Salad,1,97.01,29,5,2025-07-01
442,2467,McDonald's,Wrap,4,105.88,40,2,2025-05-30
443,5662,Domino's,Fries,4,63.86,72,5,2025-08-06
444,3804,Taco Bell,Wrap,5,129.34,57,1,2025-07-24
445,5559,Taco Bell,Wrap,1,127.62,62,4,2025-08-18
446,5726,Domino's,Salad,1,92.67,64,3,2025-06-20
447,1570,Taco Bell,Pizza,3,367.21,32,4,2025-07-05
448,1002,Taco Bell,Sandwich,3,130.92,68,4,2025-05-03
449,1364,Burger King,Coffee,3,112.42,56,4,2025-08-12
450,3362,Taco Bell,Sushi,3,582.66,71,2,2025-06-28
451,1502,Chipotle,Burger,5,108.84,72,3,2025-07-25
452,1510,KFC,Wrap,1,115.43,44,4,2025-06-14
453,4271,Subway,Salad,3,99.96,40,5,2025-06-25
454,5877,Taco Bell,Pasta,4,131.52,45,2,2025-07-13
455,5661,KFC,Pizza,4,305.93,40,2,2025-08-25
456,1223,Burger King,Pasta,3,282.14,75,5,2025-08-11
457,3553,Subway,Coffee,2,97.19,62,1,2025-06-29
458,4332,Subway,Coffee,5,107.74,29,2,2025-08-26
459,3543,Burger King,Pizza,1,204.41,63,4,2025-05-27
460,5830,Pizza Hut,Pasta,4,230.52,42,3,2025-06-17
461,1153,KFC,Sushi,5,273.72,72,4,2025-07-05
462,3796,Taco Bell,Fries,4,94.23,47,2,2025-05-25
463,4087,Subway,Burger,3,172.6,54,2,2025-05-27
464,5386,Dunkin Donuts,Coffee,4,85.54,18,5,2025-07-07
465,4874,Pizza Hut,Wrap,5,176.53,37,4,2025-05-06
466,4904,Burger King,Sandwich,4,89.29,32,5,2025-05-24
467,2828,Starbucks,Sushi,2,528.27,33,4,2025-07-15
468,2333,Domino's,Chicken Wings,1,158.56,60,2,2025-06-01
469,2048,McDonald's,Fries,4,117.99,41,5,2025-06-21
470,1569,Pizza Hut,Salad,4,161.56,45,4,2025-06-29
471,5077,Starbucks,Pasta,2,228.7,17,3,2025-08-26
472,2431,Pizza Hut,Sushi,3,421.09,56,5,2025-08-08
473,2430,Burger King,Pasta,3,200.43,31,4,2025-06-25
474,1850,KFC,Burger,4,197.61,72,1,2025-05-02
475,4169,Subway,Salad,4,156.43,59,1,2025-07-13
476,3726,Domino's,Sandwich,5,65.08,25,2,2025-06-30
477,1386,Domino's,Burger,1,83.62,67,1,2025-06-07
478,5821,McDonald's,Sandwich,5,121.4,22,1,2025-08-21
479,2984,KFC,Pasta,4,279.66,68,5,2025-07-09
480,4969,Starbucks,Sandwich,2,113.79,63,4,2025-07-25
481,2536,Burger King,Burger,4,179.43,73,5,2025-06-16
482,3407,Chipotle,Coffee,1,83.58,65,4,2025-07-04
483,1215,Starbucks,Coffee,3,115.98,56,1,2025-06-27
484,5796,KFC,Sandwich,3,105.69,44,5,2025-07-22
485,3561,McDonald's,Burger,3,185.7,40,3,2025-05-14
486,5088,Burger King,Pizza,3,164.71,48,4,2025-07-10
487,3846,Domino's,Fries,3,110.6,20,4,2025-07-24
488,4989,Pizza Hut,Salad,2,188.35,75,1,2025-05-12
489,3951,KFC,Burger,4,118.64,54,3,2025-05-31
490,1759,Taco Bell,Chicken Wings,3,124.29,57,1,2025-08-16
491,4686,Subway,Sushi,1,377.8,49,5,2025-06-08
492,4821,Dunkin Donuts,Chicken Wings,3,248.76,42,4,2025-05-15
493,3551,KFC,Wrap,5,144.26,51,2,2025-08-15
494,2062,McDonald's,Chicken Wings,2,235.13,34,1,2025-06-01
495,2692,Starbucks,Burger,5,193.88,44,4,2025-05-10
496,3992,Dunkin Donuts,Fries,4,85.91,65,5,2025-08-11
497,5227,Pizza Hut,Burger,4,84.62,63,4,2025-05-26
498,4384,Dunkin Donuts,Burger,3,116.26,16,3,2025-07-15
499,1578,Taco Bell,Burger,2,121.64,37,4,2025-07-05
500,2739,Subway,Coffee,1,77.08,39,4,2025-05-04
501,2823,Taco Bell,Pasta,2,190.36,20,2,2025-07-10
502,1815,McDonald's,Burger,1,116.81,48,4,2025-07-04
503,4070,KFC,Burger,1,91.53,35,1,2025-07-01
504,1632,Subway,Pasta,4,184.19,42,2,2025-08-21
505,2007,Starbucks,Fries,3,115.98,22,2,2025-06-02
506,3181,Subway,Pasta,2,212.36,21,3,2025-05-17
507,3914,KFC,Sandwich,4,104.42,46,5,2025-06-14
508,5119,Pizza Hut,Pizza,5,240.21,33,4,2025-08-19
509,4958,Burger King,Coffee,3,53.7,30,5,2025-07-21
510,2011,Dunkin Donuts,Sandwich,3,125.71,49,3,2025-08-29
511,2906,Pizza Hut,Fries,4,119.12,27,2,2025-07-05
512,5491,KFC,Coffee,3,54.72,73,3,2025-06-11
513,1894,Dunkin Donuts,Pasta,5,198.63,72,5,2025-07-21
514,5563,Starbucks,Salad,4,140.92,21,3,2025-06-03
515,1149,McDonald's,Fries,5,67.67,54,1,2025-07-11
516,3416,Dunkin Donuts,Sandwich,1,64.31,72,5,2025-07-03
517,5728,Dunkin Donuts,Wrap,5,174.62,59,2,2025-06-25
518,3569,Subway,Sandwich,2,104.3,45,3,2025-06-15
519,1392,Chipotle,Pizza,3,321.48,34,2,2025-08-12
520,4693,Dunkin Donuts,Fries,3,91.24,72,5,2025-06-16
521,1047,Domino's,Coffee,5,107.16,71,5,2025-05-24
522,4634,Chipotle,Chicken Wings,3,197.31,17,1,2025-08-23
523,2182,Chipotle,Salad,4,180.31,65,3,2025-06-23
524,2587,Subway,Fries,1,100.03,20,1,2025-07-25
525,2979,McDonald's,Sandwich,4,108.64,36,1,2025-06-06
526,4464,KFC,Burger,5,177.75,27,3,2025-07-15
527,2371,Chipotle,Pasta,4,176.02,22,2,2025-05-24
528,2160,Dunkin Donuts,Chicken Wings,2,173.12,42,2,2025-05-16
529,4124,Subway,Salad,5,195.29,15,5,2025-05-20
530,3140,Dunkin Donuts,Burger,2,136.69,40,4,2025-08-05
531,5433,Domino's,Salad,2,114.35,34,1,2025-08-19
532,3589,KFC,Sushi,5,591.04,65,4,2025-08-14
533,3881,Taco Bell,Coffee,5,118.3,24,2,2025-08-12
534,4061,KFC,Salad,4,188.21,62,3,2025-06-19
535,2624,KFC,Coffee,1,102.22,72,5,2025-08-16
536,3734,Burger King,Wrap,1,131.96,45,3,2025-05-20
537,2223,Taco Bell,Sandwich,4,127.01,41,1,2025-06-08
538,3049,Chipotle,Sandwich,4,149.43,40,5,2025-07-04
539,2601,Pizza Hut,Fries,5,62.66,32,3,2025-07-19
540,4719,Pizza Hut,Salad,1,136.0,64,5,2025-08-24
541,3186,Domino's,Burger,3,138.72,20,4,2025-08-09
542,4047,Subway,Coffee,4,67.79,35,4,2025-06-06
543,2592,Subway,Fries,5,75.44,47,2,2025-05-27
544,5916,Dunkin Donuts,Coffee,4,75.68,40,2,2025-06-16
545,1048,KFC,Wrap,5,174.99,70,1,2025-07-17
546,3252,KFC,Sushi,1,544.11,26,1,2025-08-23
547,4341,Dunkin Donuts,Salad,1,185.68,31,1,2025-05-20
548,2381,Dunkin Donuts,Burger,3,159.67,67,3,2025-07-17
549,1422,KFC,Coffee,5,90.93,43,5,2025-06-16
550,4450,Domino's,Chicken Wings,2,228.46,16,3,2025-08-17
551,5065,Starbucks,Pizza,5,281.66,17,2,2025-05-05
552,3809,Chipotle,Wrap,5,134.01,56,3,2025-06-29
553,5016,Taco Bell,Sushi,3,540.77,17,5,2025-08-07
554,4497,McDonald's,Pizza,4,248.45,59,3,2025-05-23
555,5229,Chipotle,Wrap,2,143.05,43,5,2025-06-23
556,5377,Chipotle,Pasta,1,206.6,17,3,2025-06-11
557,2953,Domino's,Pasta,5,150.09,39,3,2025-08-12
558,5178,Domino's,Salad,4,133.88,62,4,2025-05-23
559,4050,Domino's,Pasta,5,296.43,41,3,2025-05-27
560,3534,KFC,Burger,3,127.9,24,3,2025-05-21
561,1735,Chipotle,Pizza,1,367.45,63,3,2025-07-02
562,4938,Pizza Hut,Pizza,3,263.52,52,1,2025-06-29
563,5263,Domino's,Wrap,2,179.09,54,2,2025-05-05
564,4367,Starbucks,Pizza,5,264.13,75,4,2025-08-08
565,4592,Burger King,Sushi,5,561.59,18,5,2025-05-19
566,5185,KFC,Pasta,1,285.93,43,3,2025-05-15
567,4145,Burger King,Salad,2,90.85,66,2,2025-06-28
568,1220,McDonald's,Wrap,2,172.89,52,5,2025-08-19
569,1045,Domino's,Salad,1,145.98,67,3,2025-05-08
570,2524,Taco Bell,Burger,2,175.3,43,5,2025-06-06
571,4602,Burger King,Sushi,5,289.76,50,4,2025-08-04
572,5387,Taco Bell,Pizza,2,335.69,44,3,2025-05-19
573,5511,McDonald's,Sushi,1,364.45,20,4,2025-08-21
574,4331,Pizza Hut,Burger,3,127.54,17,2,2025-08-19
575,1073,Burger King,Pizza,2,229.71,36,2,2025-08-21
576,4439,Taco Bell,Sandwich,3,114.45,71,3,2025-08-03
577,4418,Pizza Hut,Pasta,3,241.3,62,4,2025-06-03
578,3087,Pizza Hut,Pasta,3,218.53,19,2,2025-08-08
579,5814,Taco Bell,Salad,3,186.8,44,3,2025-06-10
580,4961,Subway,Pizza,3,171.74,45,2,2025-06-03
581,3937,KFC,Coffee,5,52.0,39,4,2025-06-27
582,2340,McDonald's,Salad,5,198.26,28,5,2025-06-30
583,4010,Chipotle,Pizza,4,241.88,52,4,2025-06-19
584,2062,Subway,Burger,5,190.62,52,4,2025-05-30
585,5039,Chipotle,Wrap,2,147.98,35,5,2025-05-02
586,2881,KFC,Pasta,4,204.81,58,2,2025-06-30
587,5277,Dunkin Donuts,Pasta,4,211.12,32,3,2025-06-19
588,3713,McDonald's,Sandwich,2,86.84,68,3,2025-06-12
589,3778,Pizza Hut,Burger,5,165.82,71,5,2025-06-09
590,1164,Subway,Wrap,1,141.67,32,4,2025-06-11
591,3219,Subway,Sushi,1,496.23,38,3,2025-07-23
592,1881,Burger King,Salad,2,114.14,18,5,2025-06-25
593,1959,Pizza Hut,Sandwich,2,113.46,62,5,2025-05-04
594,2563,Pizza Hut,Wrap,2,132.06,21,2,2025-05-02
595,5862,Burger King,Coffee,2,93.01,29,5,2025-06-18
596,3679,Taco Bell,Chicken Wings,1,133.25,51,4,2025-06-19
597,4798,Domino's,Sushi,1,256.18,56,5,2025-06-13
598,1370,KFC,Salad,4,178.72,26,3,2025-08-17
599,1106,Taco Bell,Pizza,4,352.92,50,3,2025-06-22
600,2731,Dunkin Donuts,Salad,2,128.19,64,4,2025-07-22
601,5944,KFC,Pizza,2,345.39,43,2,2025-07-07
602,5681,Domino's,Sandwich,1,73.43,67,5,2025-07-06
603,3663,Pizza Hut,Salad,3,157.69,61,4,2025-06-26
604,2918,Subway,Pizza,3,395.26,44,5,2025-08-23
605,3637,Burger King,Coffee,5,96.02,24,1,2025-08-15
606,5509,Dunkin Donuts,Sushi,1,585.07,18,4,2025-08-09
607,4197,Burger King,Coffee,1,85.95,46,1,2025-05-25
608,4285,Chipotle,Sushi,4,304.94,74,5,2025-07-12
609,2757,Starbucks,Sushi,4,458.43,72,2,2025-08-26
610,1295,Chipotle,Chicken Wings,5,162.16,27,1,2025-06-13
611,3578,McDonald's,Fries,2,53.02,70,1,2025-05-14
612,1557,Chipotle,Wrap,5,108.97,73,3,2025-07-21
613,3158,Taco Bell,Wrap,5,134.07,40,3,2025-08-25
614,3319,Pizza Hut,Fries,5,94.36,36,4,2025-06-08
615,1135,Starbucks,Sandwich,2,105.52,26,1,2025-08-13
616,2819,Domino's,Wrap,1,106.09,19,5,2025-06-07
617,4141,Starbucks,Sushi,5,281.78,63,3,2025-06-15
618,3562,Chipotle,Wrap,4,107.65,70,4,2025-05-17
619,5272,Chipotle,Pizza,1,256.78,61,4,2025-07-31
620,4256,Burger King,Pasta,5,216.61,15,1,2025-05-25
621,1155,Domino's,Salad,2,113.86,23,3,2025-08-13
622,5975,Chipotle,Burger,1,100.67,39,2,2025-08-18
623,2288,Taco Bell,Chicken Wings,2,192.12,32,4,2025-06-21
624,2978,Taco Bell,Chicken Wings,5,191.88,70,3,2025-05-04
625,3741,KFC,Wrap,2,164.92,18,2,2025-06-24
626,4723,Dunkin Donuts,Sandwich,2,125.53,48,4,2025-06-23
627,5410,KFC,Pasta,4,182.69,32,5,2025-06-28
628,5987,Pizza Hut,Sushi,2,465.33,60,1,2025-07-31
629,3048,Domino's,Chicken Wings,3,185.77,68,3,2025-08-01
630,5957,Burger King,Burger,1,191.76,30,5,2025-05-03
631,3577,Dunkin Donuts,Coffee,1,107.84,58,2,2025-05-05
632,4145,Starbucks,Wrap,1,159.18,27,3,2025-05-25
633,2040,KFC,Pizza,2,354.96,33,4,2025-05-10
634,4944,KFC,Pizza,3,339.85,53,4,2025-06-08
635,2721,Taco Bell,Coffee,3,55.27,43,1,2025-08-17
636,1402,Pizza Hut,Wrap,4,103.93,30,2,2025-08-02
637,4036,Subway,Coffee,4,59.82,71,4,2025-08-02
638,4481,Subway,Salad,4,159.38,36,4,2025-06-30
639,3085,Dunkin Donuts,Wrap,5,110.91,42,1,2025-07-15
640,4321,Dunkin Donuts,Salad,3,140.17,44,1,2025-07-05
641,1032,Domino's,Wrap,4,152.74,22,5,2025-06-02
642,5478,Chipotle,Pizza,1,227.3,17,1,2025-07-12
643,3987,Subway,Pizza,4,304.08,39,5,2025-08-27
644,5319,Subway,Wrap,1,140.67,68,4,2025-08-17
645,3635,Pizza Hut,Salad,2,193.99,54,5,2025-07-16
646,1060,Domino's,Burger,1,142.49,23,5,2025-07-21
647,3573,Subway,Sushi,4,429.37,18,1,2025-07-15
648,2613,Pizza Hut,Salad,1,193.84,62,4,2025-05-22
649,4030,Pizza Hut,Wrap,1,162.67,22,3,2025-07-19
650,3478,Taco Bell,Chicken Wings,4,218.88,67,1,2025-06-06
651,1233,Domino's,Pasta,2,199.98,35,5,2025-06-23
652,3882,McDonald's,Pasta,5,164.22,21,4,2025-06-15
653,4403,Dunkin Donuts,Pasta,2,266.06,49,2,2025-07-31
654,3902,McDonald's,Pasta,2,275.77,17,3,2025-07-09
655,5405,Taco Bell,Chicken Wings,3,184.78,43,4,2025-08-11
656,5869,McDonald's,Fries,4,108.55,74,5,2025-06-06
657,3808,KFC,Chicken Wings,3,174.66,28,3,2025-07-19
658,2588,Chipotle,Pizza,1,286.53,23,2,2025-07-28
659,5704,Pizza Hut,Coffee,4,57.16,57,2,2025-07-19
660,2456,Domino's,Chicken Wings,1,199.4,50,2,2025-06-17
661,5125,Chipotle,Sushi,2,386.4,24,2,2025-06-05
662,4577,McDonald's,Fries,1,57.65,27,1,2025-07-26
663,2990,Chipotle,Coffee,2,108.69,31,3,2025-05-11
664,3841,Domino's,Salad,4,142.56,47,5,2025-06-15
665,1488,KFC,Coffee,2,91.48,39,3,2025-07-05
666,2715,Dunkin Donuts,Salad,4,131.98,36,1,2025-06-13
667,2128,Dunkin Donuts,Fries,2,51.54,59,1,2025-08-24
668,2868,Domino's,Pasta,5,166.76,27,5,2025-06-12
669,2087,McDonald's,Salad,3,160.82,24,5,2025-06-04
670,3993,Starbucks,Chicken Wings,3,118.5,59,1,2025-06-11
671,5221,McDonald's,Pasta,5,184.15,61,4,2025-06-27
672,1626,Chipotle,Fries,5,62.58,33,3,2025-06-26
673,2073,Burger King,Pasta,5,250.13,69,4,2025-05-07
674,3659,Domino's,Wrap,1,127.69,51,4,2025-06-14
675,3607,Taco Bell,Coffee,4,102.24,47,4,2025-05-23
676,3646,Burger King,Coffee,4,98.0,60,2,2025-05-31
677,1040,Starbucks,Wrap,4,101.36,32,4,2025-08-07
678,3058,Taco Bell,Pizza,4,200.81,19,5,2025-07-20
679,4703,McDonald's,Salad,4,142.72,15,4,2025-05-18
680,2557,Domino's,Wrap,1,165.06,35,2,2025-07-07
681,2125,Taco Bell,Burger,4,81.34,56,4,2025-07-04
682,3572,Burger King,Coffee,3,69.12,49,4,2025-05-28
683,5928,Subway,Sandwich,2,121.31,68,2,2025-06-10
684,4805,Taco Bell,Sandwich,5,85.87,18,1,2025-08-08
685,2885,McDonald's,Salad,4,185.98,23,1,2025-07-09
686,5502,Pizza Hut,Coffee,1,107.18,33,4,2025-07-08
687,3013,KFC,Pasta,3,226.13,62,1,2025-07-30
688,2992,Subway,Coffee,1,104.18,55,3,2025-07-22
689,2259,Chipotle,Salad,3,97.05,44,1,2025-07-30
690,3976,Pizza Hut,Wrap,2,125.36,28,2,2025-08-12
691,4398,Starbucks,Wrap,2,158.84,48,4,2025-05-03
692,4174,Burger King,Wrap,5,119.94,61,1,2025-05-25
693,2997,Chipotle,Wrap,5,175.47,70,4,2025-07-27
694,2773,Domino's,Sushi,1,404.9,45,4,2025-05-12
695,5769,Subway,Pizza,1,308.99,15,5,2025-07-14
696,2583,Pizza Hut,Sandwich,4,124.43,55,3,2025-05-03
697,1865,McDonald's,Fries,4,56.47,57,1,2025-08-21
698,2214,Dunkin Donuts,Pasta,2,171.9,43,1,2025-08-19
699,4352,Subway,Salad,4,189.72,28,5,2025-07-08
700,2941,Dunkin Donuts,Wrap,2,104.75,16,5,2025-05-10
701,1135,Dunkin Donuts,Salad,2,182.18,52,5,2025-07-31
702,2567,Dunkin Donuts,Fries,1,85.48,53,3,2025-07-10
703,3180,Domino's,Sushi,1,468.79,75,2,2025-07-27
704,3140,Starbucks,Sandwich,3,68.23,67,1,2025-08-19
705,5645,McDonald's,Sandwich,5,76.1,26,3,2025-06-05
706,5673,McDonald's,Chicken Wings,2,214.7,46,4,2025-08-16
707,4560,Starbucks,Wrap,3,154.96,35,3,2025-06-09
708,3576,Pizza Hut,Fries,1,96.85,43,5,2025-08-19
709,5235,Chipotle,Coffee,3,103.5,35,1,2025-08-24
710,5339,Starbucks,Fries,4,80.54,43,3,2025-08-11
711,5731,Subway,Salad,1,114.82,52,1,2025-06-16
712,2738,Taco Bell,Coffee,1,109.05,22,5,2025-06-26
713,3066,Chipotle,Coffee,2,90.91,50,1,2025-06-06
714,5694,KFC,Sushi,4,345.89,30,3,2025-05-08
715,5043,Subway,Sushi,5,391.55,35,3,2025-06-17
716,4199,Burger King,Salad,1,129.26,45,2,2025-08-13
717,5769,Starbucks,Fries,2,119.71,37,4,2025-07-30
718,2155,Subway,Salad,3,173.49,23,3,2025-07-26
719,3571,Chipotle,Chicken Wings,4,196.4,68,3,2025-08-25
720,4868,Pizza Hut,Burger,2,112.1,61,3,2025-07-29
721,2642,Pizza Hut,Fries,1,85.75,70,1,2025-05-11
722,3124,Dunkin Donuts,Burger,3,189.87,29,2,2025-08-03
723,2232,McDonald's,Pasta,5,296.79,58,5,2025-05-30
724,2518,KFC,Salad,3,184.29,34,4,2025-05-21
725,3325,Subway,Burger,1,89.56,32,5,2025-08-17
726,4370,KFC,Pasta,3,233.07,36,4,2025-07-10
727,3570,Burger King,Coffee,1,112.26,73,2,2025-07-09
728,4814,Chipotle,Chicken Wings,4,179.43,54,2,2025-08-09
729,3275,Dunkin Donuts,Coffee,1,97.42,57,3,2025-06-25
730,3793,KFC,Fries,3,68.81,37,1,2025-08-18
731,5716,McDonald's,Pasta,2,164.98,35,2,2025-06-04
732,3455,Burger King,Pizza,4,369.23,43,2,2025-05-10
733,2420,Chipotle,Sandwich,2,102.89,45,5,2025-07-29
734,4021,Taco Bell,Sandwich,2,114.05,71,2,2025-06-26
735,2967,Subway,Coffee,5,52.28,21,2,2025-06-01
736,4649,Chipotle,Fries,3,112.41,72,4,2025-05-07
737,1107,Subway,Fries,3,66.31,61,2,2025-08-15
738,1015,Subway,Coffee,3,53.6,46,1,2025-06-11
739,2447,Starbucks,Pasta,1,186.84,36,5,2025-08-28
740,3189,Starbucks,Burger,5,124.88,27,1,2025-05-13
741,4705,Domino's,Wrap,4,131.52,56,3,2025-05-05
742,2061,Taco Bell,Burger,1,124.49,24,2,2025-05-28
743,1988,KFC,Sandwich,4,117.77,15,2,2025-08-03
744,5222,Burger King,Wrap,4,177.85,36,1,2025-07-12
745,3011,Dunkin Donuts,Sushi,2,279.19,20,3,2025-07-05
746,3267,Taco Bell,Chicken Wings,2,216.48,43,4,2025-07-26
747,3656,Domino's,Fries,3,51.34,59,5,2025-07-16
748,3192,Taco Bell,Fries,2,106.7,26,4,2025-06-25
749,3535,Chipotle,Fries,2,112.65,48,1,2025-08-23
750,2598,Domino's,Fries,1,86.89,49,4,2025-06-23
751,4654,Domino's,Chicken Wings,2,127.45,25,1,2025-06-14
752,2840,Domino's,Pizza,3,250.79,17,1,2025-08-20
753,4856,KFC,Salad,4,92.63,51,5,2025-06-12
754,4650,Chipotle,Coffee,1,59.94,55,2,2025-07-23
755,1530,KFC,Fries,2,62.47,25,4,2025-08-07
756,2646,Dunkin Donuts,Sandwich,1,65.96,67,3,2025-07-27
757,3760,Pizza Hut,Sandwich,4,96.09,39,5,2025-06-29
758,3116,Chipotle,Sandwich,1,71.63,23,5,2025-05-08
759,3069,Taco Bell,Burger,2,99.9,60,2,2025-06-24
760,4495,Burger King,Chicken Wings,4,151.92,60,2,2025-06-07
761,5689,Subway,Salad,3,112.91,75,1,2025-06-29
762,4972,Subway,Burger,3,195.71,44,1,2025-06-15
763,4884,McDonald's,Pizza,5,386.54,37,2,2025-06-16
764,1016,Starbucks,Pizza,2,203.34,32,5,2025-06-07
765,4466,Starbucks,Sushi,3,534.45,26,5,2025-06-28
766,2019,Taco Bell,Pasta,5,141.81,22,4,2025-07-07
767,5685,Subway,Chicken Wings,3,173.27,20,3,2025-06-28
768,3726,Subway,Pasta,1,212.06,73,5,2025-05-30
769,1106,Burger King,Wrap,5,134.94,58,1,2025-06-02
770,5305,Chipotle,Salad,3,120.88,49,5,2025-05-03
771,4332,Starbucks,Sandwich,2,100.0,16,4,2025-07-30
772,3308,Taco Bell,Coffee,1,87.23,23,2,2025-06-19
773,5010,Pizza Hut,Coffee,1,85.97,19,1,2025-05-23
774,4091,KFC,Pasta,4,180.19,48,4,2025-06-08
775,2639,Domino's,Sandwich,3,124.98,39,5,2025-07-06
776,3409,KFC,Burger,4,188.28,50,1,2025-07-01
777,2459,KFC,Burger,1,106.55,59,5,2025-08-10
778,5629,Dunkin Donuts,Pasta,1,207.82,61,3,2025-08-25
779,2011,Burger King,Chicken Wings,2,155.17,53,2,2025-05-19
780,1112,Starbucks,Coffee,5,110.0,51,3,2025-07-22
781,3886,Pizza Hut,Coffee,2,105.85,38,1,2025-06-09
782,3115,Chipotle,Pizza,4,266.57,54,5,2025-05-04
783,3609,Subway,Burger,3,197.94,29,1,2025-05-04
784,1947,McDonald's,Wrap,3,157.04,55,4,2025-06-04
785,1540,KFC,Wrap,5,113.26,26,2,2025-07-25
786,5433,Taco Bell,Salad,5,159.2,20,4,2025-06-03
787,2526,Pizza Hut,Wrap,4,126.87,57,4,2025-07-28
788,4918,Chipotle,Sandwich,3,148.45,66,5,2025-06-22
789,4698,Chipotle,Pizza,3,208.02,49,5,2025-08-23
790,1116,Starbucks,Sandwich,2,67.86,67,4,2025-07-03
791,4803,Chipotle,Pasta,1,144.54,43,1,2025-05-14
792,1329,Chipotle,Burger,1,146.36,40,3,2025-08-19
793,2675,Chipotle,Sushi,3,578.64,71,3,2025-05-06
794,3875,Starbucks,Sandwich,2,103.05,46,5,2025-07-27
795,3783,Burger King,Wrap,5,120.35,49,5,2025-05-20
796,1578,McDonald's,Sushi,4,296.35,53,1,2025-08-02
797,4760,KFC,Sandwich,2,85.74,57,1,2025-06-06
798,3849,Domino's,Fries,5,118.32,33,3,2025-06-15
799,3107,Dunkin Donuts,Coffee,4,60.72,50,3,2025-06-08
800,4405,Pizza Hut,Chicken Wings,1,105.37,30,2,2025-07-13
801,2573,Dunkin Donuts,Wrap,4,120.2,46,2,2025-05-29
802,4607,Starbucks,Wrap,2,147.14,43,4,2025-07-14
803,2166,Pizza Hut,Salad,3,196.23,44,2,2025-08-06
804,5754,Taco Bell,Burger,3,142.69,50,4,2025-05-10
805,1380,Taco Bell,Wrap,5,119.21,18,1,2025-08-02
806,1739,McDonald's,Salad,1,192.08,25,5,2025-05-08
807,3406,Domino's,Chicken Wings,4,170.4,46,3,2025-07-21
808,2644,Dunkin Donuts,Sushi,2,492.98,67,3,2025-06-25
809,2829,KFC,Wrap,5,161.43,24,3,2025-08-04
810,3885,Dunkin Donuts,Sushi,3,281.71,54,3,2025-08-13
811,1360,Taco Bell,Sushi,2,442.84,72,1,2025-07-10
812,2605,Dunkin Donuts,Coffee,2,55.24,31,4,2025-06-16
813,2060,Burger King,Pasta,2,248.01,52,5,2025-07-04
814,3176,Chipotle,Sushi,1,587.71,64,1,2025-05-16
815,3763,Pizza Hut,Salad,5,162.2,25,4,2025-07-02
816,2485,Subway,Salad,2,117.06,56,1,2025-05-19
817,4708,Chipotle,Coffee,5,90.01,46,5,2025-08-28
818,5192,Subway,Sandwich,4,113.1,34,3,2025-08-14
819,4333,Pizza Hut,Fries,2,57.44,39,3,2025-08-26
820,1557,Pizza Hut,Chicken Wings,2,153.87,51,4,2025-07-13
821,2920,Dunkin Donuts,Chicken Wings,5,120.43,42,1,2025-08-11
822,2006,Subway,Wrap,5,155.64,51,2,2025-08-23
823,2723,Domino's,Pizza,3,365.03,62,3,2025-08-25
824,3157,KFC,Salad,5,186.51,67,2,2025-06-26
825,1511,Dunkin Donuts,Pasta,3,200.57,38,2,2025-06-09
826,4040,Pizza Hut,Coffee,3,90.18,22,5,2025-07-09
827,5873,KFC,Sandwich,2,146.91,55,5,2025-06-24
828,2399,Subway,Sandwich,1,64.51,36,2,2025-07-18
829,2903,Starbucks,Salad,5,178.39,56,1,2025-05-18
830,3832,Chipotle,Chicken Wings,5,103.53,23,4,2025-08-27
831,1861,Starbucks,Pasta,3,243.0,37,4,2025-08-10
832,5382,KFC,Fries,1,65.87,49,4,2025-05-31
833,2780,McDonald's,Salad,3,112.95,36,3,2025-06-12
834,1808,Taco Bell,Coffee,4,102.98,20,1,2025-07-09
835,4288,Burger King,Fries,3,78.92,40,4,2025-08-28
836,5248,Taco Bell,Fries,5,80.46,43,1,2025-06-03
837,5565,Chipotle,Coffee,2,84.01,63,1,2025-06-22
838,3056,Domino's,Burger,1,180.75,67,5,2025-05-27
839,4590,Taco Bell,Burger,4,118.12,43,5,2025-06-12
840,2435,Pizza Hut,Pasta,3,205.84,55,4,2025-08-14
841,2451,Chipotle,Wrap,2,118.74,49,2,2025-05-06
842,5792,Pizza Hut,Sushi,4,458.6,60,5,2025-08-18
843,3024,Dunkin Donuts,Fries,5,87.7,33,2,2025-07-06
844,3223,Domino's,Pasta,2,260.22,62,1,2025-07-26
845,1407,Starbucks,Burger,3,101.79,29,3,2025-06-11
846,5274,Domino's,Chicken Wings,3,210.04,21,5,2025-06-10
847,1572,Pizza Hut,Fries,3,94.74,68,5,2025-06-21
848,1903,Chipotle,Pizza,1,330.63,59,1,2025-05-08
849,5135,Domino's,Pasta,2,148.87,19,1,2025-07-13
850,2732,Pizza Hut,Pasta,1,293.23,51,4,2025-05-27
851,5977,Starbucks,Coffee,1,114.12,42,3,2025-05-20
852,1163,Pizza Hut,Chicken Wings,4,109.47,19,2,2025-07-05
853,1557,KFC,Salad,2,134.73,23,5,2025-06-13
854,4053,Subway,Sushi,5,559.49,75,3,2025-05-25
855,5691,Subway,Wrap,5,157.76,63,2,2025-07-31
856,3258,KFC,Sandwich,5,65.3,39,3,2025-07-26
857,5437,Chipotle,Salad,4,100.91,30,5,2025-07-11
858,2548,KFC,Salad,3,183.44,65,5,2025-07-23
859,3087,Chipotle,Fries,2,100.38,17,1,2025-07-11
860,2204,Chipotle,Burger,4,179.42,18,4,2025-06-02
861,1198,Starbucks,Burger,4,186.05,27,2,2025-06-19
862,3773,Starbucks,Pizza,2,166.36,67,5,2025-05-22
863,5746,Dunkin Donuts,Salad,1,170.16,21,5,2025-07-03
864,2994,Subway,Burger,1,94.6,55,2,2025-07-31
865,2689,McDonald's,Coffee,3,98.58,50,2,2025-05-11
866,5005,Subway,Coffee,5,111.31,70,2,2025-08-06
867,1468,Domino's,Chicken Wings,4,142.06,71,1,2025-05-09
868,3598,Domino's,Burger,2,171.18,27,3,2025-08-21
869,2078,Pizza Hut,Sushi,1,318.63,35,4,2025-05-27
870,1671,Dunkin Donuts,Pizza,5,156.05,29,3,2025-06-25
871,2030,McDonald's,Sandwich,5,109.57,40,1,2025-08-15
872,3537,KFC,Pasta,2,146.06,34,1,2025-07-24
873,4994,Domino's,Sandwich,3,139.76,41,5,2025-08-09
874,4538,Domino's,Wrap,5,145.56,24,5,2025-08-04
875,5774,Subway,Coffee,1,93.68,58,2,2025-06-30
876,5727,Subway,Sushi,4,491.79,58,5,2025-08-01
877,2464,McDonald's,Burger,1,111.91,69,4,2025-06-13
878,3731,Dunkin Donuts,Sandwich,4,120.85,74,3,2025-07-09
879,3993,Chipotle,Sandwich,5,82.9,54,5,2025-07-19
880,3259,Subway,Sandwich,1,119.03,50,3,2025-08-27
881,3262,KFC,Salad,5,168.24,61,3,2025-06-10
882,1116,Domino's,Salad,3,149.88,43,4,2025-06-19
883,4087,Pizza Hut,Pasta,1,240.3,53,3,2025-05-16
884,3414,Chipotle,Chicken Wings,3,183.85,45,5,2025-06-05
885,2767,Starbucks,Sushi,3,288.5,55,2,2025-07-27
886,3189,Burger King,Chicken Wings,2,221.44,57,5,2025-05-28
887,3711,Pizza Hut,Salad,3,162.67,35,3,2025-06-01
888,3964,Starbucks,Pizza,5,173.83,15,4,2025-07-17
889,1268,Domino's,Fries,3,66.85,41,1,2025-08-10
890,5025,Domino's,Fries,3,57.29,20,4,2025-05-16
891,2272,Starbucks,Sandwich,4,61.3,57,1,2025-05-29
892,3361,Pizza Hut,Fries,4,71.75,44,2,2025-06-16
893,3358,Subway,Wrap,4,134.04,45,3,2025-06-10
894,5443,Subway,Sushi,2,529.36,41,2,2025-05-02
895,1605,Dunkin Donuts,Coffee,5,76.65,41,1,2025-06-19
896,4181,Taco Bell,Burger,4,186.56,28,2,2025-05-13
897,5983,Subway,Pizza,4,342.07,36,2,2025-08-18
898,5882,Domino's,Sandwich,3,134.89,34,1,2025-08-05
899,4270,Chipotle,Salad,5,197.82,46,1,2025-08-29
900,4668,Dunkin Donuts,Burger,1,93.69,56,2,2025-05-02
901,3012,Taco Bell,Sandwich,1,128.69,74,2,2025-07-01
902,1882,KFC,Salad,2,148.96,19,3,2025-07-09
903,4683,Domino's,Pizza,5,209.01,74,4,2025-06-26
904,4386,Chipotle,Salad,2,178.23,67,5,2025-06-07
905,4775,Domino's,Chicken Wings,2,207.39,70,5,2025-06-25
906,5973,Pizza Hut,Fries,5,87.09,24,1,2025-05-30
907,5209,Subway,Sushi,3,467.66,25,2,2025-08-22
908,1526,KFC,Salad,4,96.65,31,4,2025-06-15
909,2946,Dunkin Donuts,Pasta,1,246.49,63,1,2025-06-15
910,2110,McDonald's,Sushi,5,440.05,66,4,2025-05-09
911,4660,Taco Bell,Wrap,5,177.43,19,3,2025-05-25
912,4180,Chipotle,Coffee,2,95.31,63,5,2025-05-04
913,1914,Domino's,Burger,2,199.85,72,2,2025-06-02
914,4778,Subway,Pasta,3,141.99,25,5,2025-05-24
915,1097,Starbucks,Pasta,2,285.58,22,2,2025-08-23
916,4891,Starbucks,Salad,2,160.25,20,1,2025-07-26
917,3850,McDonald's,Pasta,1,216.09,26,2,2025-07-29
918,5529,Pizza Hut,Pizza,4,219.71,70,5,2025-07-28
919,2350,KFC,Burger,5,119.68,50,5,2025-06-17
920,5341,KFC,Pizza,2,207.82,59,2,2025-08-25
921,2493,McDonald's,Salad,1,120.23,50,5,2025-07-17
922,2480,Subway,Sandwich,4,84.51,18,1,2025-05-22
923,2917,Chipotle,Wrap,4,143.69,24,2,2025-05-09
924,5555,McDonald's,Salad,2,160.81,19,2,2025-07-08
925,5786,Chipotle,Pizza,4,330.73,42,2,2025-06-16
926,5827,Taco Bell,Pizza,1,312.4,74,2,2025-08-12
927,5433,Taco Bell,Fries,1,90.57,17,5,2025-08-18
928,4679,Starbucks,Burger,3,142.74,17,1,2025-07-11
929,5148,Burger King,Sandwich,5,76.39,52,5,2025-05-07
930,1708,Starbucks,Salad,4,163.57,54,5,2025-08-27
931,5071,Domino's,Salad,4,102.86,62,2,2025-08-03
932,1639,Burger King,Fries,2,103.03,57,3,2025-07-31
933,2131,Chipotle,Sandwich,3,112.86,46,4,2025-07-05
934,3370,McDonald's,Burger,4,192.46,43,3,2025-05-18
935,4816,Starbucks,Pasta,4,195.32,24,2,2025-06-11
936,4866,Dunkin Donuts,Coffee,4,66.96,59,3,2025-05-05
937,4735,Subway,Salad,3,134.7,64,2,2025-06-10
938,5391,Dunkin Donuts,Sushi,5,490.08,45,5,2025-07-02
939,5228,McDonald's,Sushi,1,303.64,19,5,2025-07-02
940,5685,Dunkin Donuts,Coffee,2,103.41,36,4,2025-05-19
941,5565,Subway,Chicken Wings,5,150.48,26,4,2025-06-20
942,3460,KFC,Sushi,2,581.33,41,3,2025-07-12
943,2051,Chipotle,Chicken Wings,3,193.39,64,4,2025-06-22
944,1875,McDonald's,Sushi,5,555.09,40,3,2025-07-22
945,5179,Dunkin Donuts,Pasta,5,194.96,57,1,2025-07-04
946,1036,Dunkin Donuts,Burger,3,169.24,31,1,2025-06-11
947,4990,Starbucks,Fries,1,85.88,39,2,2025-08-14
948,1610,Subway,Sandwich,3,124.78,26,1,2025-05-29
949,4482,Domino's,Sandwich,3,117.8,31,4,2025-08-03
950,3067,McDonald's,Coffee,3,106.61,31,2,2025-07-31
951,5390,Dunkin Donuts,Coffee,5,93.3,17,5,2025-06-11
952,3261,Dunkin Donuts,Coffee,5,83.08,74,1,2025-07-21
953,2810,Taco Bell,Pasta,1,254.01,16,4,2025-07-03
954,5472,KFC,Sandwich,3,116.17,62,1,2025-08-27
955,2886,Pizza Hut,Fries,1,110.78,39,1,2025-06-21
956,1200,KFC,Burger,5,148.81,29,5,2025-07-20
957,3102,McDonald's,Pasta,2,233.66,36,3,2025-05-31
958,3130,Subway,Pasta,4,258.81,23,2,2025-07-23
959,1665,KFC,Coffee,1,97.08,73,2,2025-08-11
960,2733,Dunkin Donuts,Wrap,1,177.96,68,5,2025-06-26
961,5526,Taco Bell,Coffee,1,78.2,63,3,2025-07-19
962,1099,Starbucks,Fries,2,50.84,50,1,2025-06-25
963,3441,KFC,Wrap,2,173.68,41,3,2025-08-10
964,3946,Taco Bell,Fries,3,108.04,42,5,2025-08-07
965,4379,McDonald's,Chicken Wings,2,198.47,17,2,2025-08-22
966,4166,Chipotle,Coffee,2,117.13,22,1,2025-08-27
967,5411,Chipotle,Chicken Wings,3,196.14,74,3,2025-06-09
968,5704,Burger King,Sandwich,5,60.37,29,2,2025-06-21
969,4497,McDonald's,Burger,3,140.53,64,2,2025-05-30
970,2889,KFC,Fries,3,51.43,44,3,2025-07-22
971,3229,Domino's,Chicken Wings,1,236.57,29,3,2025-06-07
972,2091,McDonald's,Burger,4,101.29,67,4,2025-06-06
973,4877,Domino's,Salad,2,106.19,73,2,2025-06-09
974,1829,Subway,Chicken Wings,1,145.37,20,5,2025-08-17
975,2088,McDonald's,Pasta,5,214.93,39,3,2025-08-17
976,2475,Dunkin Donuts,Chicken Wings,4,246.83,24,4,2025-07-24
977,3191,KFC,Coffee,5,51.06,70,2,2025-07-07
978,4850,Domino's,Sushi,4,379.5,56,1,2025-05-27
979,1042,Starbucks,Salad,4,136.78,46,3,2025-06-03
980,1845,Pizza Hut,Chicken Wings,3,135.42,71,1,2025-05-15
981,2519,Pizza Hut,Burger,4,116.94,30,5,2025-05-22
982,5847,Taco Bell,Wrap,3,131.25,29,1,2025-06-07
983,4715,Burger King,Wrap,3,148.4,51,4,2025-07-11
984,3675,Starbucks,Fries,2,87.6,50,1,2025-08-04
985,4708,Starbucks,Salad,3,147.14,63,1,2025-07-26
986,1232,Pizza Hut,Coffee,5,69.15,22,2,2025-07-31
987,2344,Taco Bell,Coffee,3,113.79,61,1,2025-06-30
988,5131,KFC,Sandwich,1,104.74,71,3,2025-07-07
989,3159,KFC,Salad,3,93.64,36,5,2025-06-15
990,4675,Domino's,Salad,5,199.63,59,3,2025-07-30
991,1332,Subway,Sandwich,1,135.04,52,5,2025-07-29
992,3070,Subway,Pizza,5,233.73,57,3,2025-07-10
993,5412,Chipotle,Coffee,4,100.53,44,5,2025-06-16
994,2518,KFC,Fries,3,103.2,69,2,2025-07-27
995,2616,McDonald's,Wrap,4,171.13,52,3,2025-06-18
996,2223,Chipotle,Coffee,1,103.29,74,4,2025-06-06
997,5239,Subway,Coffee,2,52.15,73,1,2025-05-25
998,4968,KFC,Chicken Wings,3,208.81,73,5,2025-07-21
999,5045,Pizza Hut,Wrap,3,155.83,69,5,2025-05-31
1000,5647,Pizza Hut,Wrap,5,141.4,38,2,2025-06-19
